[{"model": "blogs.author", "pk": 1, "fields": {"name": "WeizhongTu", "qq": "763624735", "addr": "addr_2", "email": "addr_2@ziqiangxuetang.com"}}, {"model": "blogs.author", "pk": 2, "fields": {"name": "twz915", "qq": "937806899", "addr": "addr_1", "email": "addr_1@ziqiangxuetang.com"}}, {"model": "blogs.author", "pk": 3, "fields": {"name": "dachui", "qq": "101572415", "addr": "addr_2", "email": "addr_2@ziqiangxuetang.com"}}, {"model": "blogs.author", "pk": 4, "fields": {"name": "zhe", "qq": "319264956", "addr": "addr_2", "email": "addr_2@ziqiangxuetang.com"}}, {"model": "blogs.author", "pk": 5, "fields": {"name": "zhen", "qq": "386626274", "addr": "addr_2", "email": "addr_2@ziqiangxuetang.com"}}, {"model": "blogs.article", "pk": 1, "fields": {"title": "Django \u6559\u7a0b_1", "author": 3, "content": "Django \u6559\u7a0b_1 \u6b63\u6587", "score": 86, "tags": [1]}}, {"model": "blogs.article", "pk": 2, "fields": {"title": "Django \u6559\u7a0b_2", "author": 3, "content": "Django \u6559\u7a0b_2 \u6b63\u6587", "score": 91, "tags": [1]}}, {"model": "blogs.article", "pk": 3, "fields": {"title": "Django \u6559\u7a0b_3", "author": 3, "content": "Django \u6559\u7a0b_3 \u6b63\u6587", "score": 75, "tags": [1]}}, {"model": "blogs.article", "pk": 4, "fields": {"title": "Django \u6559\u7a0b_4", "author": 3, "content": "Django \u6559\u7a0b_4 \u6b63\u6587", "score": 81, "tags": [1]}}, {"model": "blogs.article", "pk": 5, "fields": {"title": "Django \u6559\u7a0b_5", "author": 3, "content": "Django \u6559\u7a0b_5 \u6b63\u6587", "score": 93, "tags": [1]}}, {"model": "blogs.article", "pk": 6, "fields": {"title": "Django \u6559\u7a0b_6", "author": 3, "content": "Django \u6559\u7a0b_6 \u6b63\u6587", "score": 96, "tags": [1]}}, {"model": "blogs.article", "pk": 7, "fields": {"title": "Django \u6559\u7a0b_7", "author": 3, "content": "Django \u6559\u7a0b_7 \u6b63\u6587", "score": 74, "tags": [1]}}, {"model": "blogs.article", "pk": 8, "fields": {"title": "Django \u6559\u7a0b_8", "author": 3, "content": "Django \u6559\u7a0b_8 \u6b63\u6587", "score": 84, "tags": [1]}}, {"model": "blogs.article", "pk": 9, "fields": {"title": "Django \u6559\u7a0b_9", "author": 3, "content": "Django \u6559\u7a0b_9 \u6b63\u6587", "score": 90, "tags": [1]}}, {"model": "blogs.article", "pk": 10, "fields": {"title": "Django \u6559\u7a0b_10", "author": 3, "content": "Django \u6559\u7a0b_10 \u6b63\u6587", "score": 78, "tags": [1]}}, {"model": "blogs.article", "pk": 11, "fields": {"title": "Django \u6559\u7a0b_11", "author": 3, "content": "Django \u6559\u7a0b_11 \u6b63\u6587", "score": 93, "tags": [1]}}, {"model": "blogs.article", "pk": 12, "fields": {"title": "Django \u6559\u7a0b_12", "author": 3, "content": "Django \u6559\u7a0b_12 \u6b63\u6587", "score": 78, "tags": [1]}}, {"model": "blogs.article", "pk": 13, "fields": {"title": "Django \u6559\u7a0b_13", "author": 3, "content": "Django \u6559\u7a0b_13 \u6b63\u6587", "score": 85, "tags": [1]}}, {"model": "blogs.article", "pk": 14, "fields": {"title": "Django \u6559\u7a0b_14", "author": 3, "content": "Django \u6559\u7a0b_14 \u6b63\u6587", "score": 81, "tags": [1]}}, {"model": "blogs.article", "pk": 15, "fields": {"title": "Django \u6559\u7a0b_15", "author": 3, "content": "Django \u6559\u7a0b_15 \u6b63\u6587", "score": 99, "tags": [1]}}, {"model": "blogs.article", "pk": 16, "fields": {"title": "Django \u6559\u7a0b_16", "author": 3, "content": "Django \u6559\u7a0b_16 \u6b63\u6587", "score": 95, "tags": [1]}}, {"model": "blogs.article", "pk": 17, "fields": {"title": "Django \u6559\u7a0b_17", "author": 3, "content": "Django \u6559\u7a0b_17 \u6b63\u6587", "score": 80, "tags": [1]}}, {"model": "blogs.article", "pk": 18, "fields": {"title": "Django \u6559\u7a0b_18", "author": 3, "content": "Django \u6559\u7a0b_18 \u6b63\u6587", "score": 92, "tags": [1]}}, {"model": "blogs.article", "pk": 19, "fields": {"title": "Django \u6559\u7a0b_19", "author": 3, "content": "Django \u6559\u7a0b_19 \u6b63\u6587", "score": 88, "tags": [1]}}, {"model": "blogs.article", "pk": 20, "fields": {"title": "Django \u6559\u7a0b_20", "author": 3, "content": "Django \u6559\u7a0b_20 \u6b63\u6587", "score": 94, "tags": [1]}}, {"model": "blogs.article", "pk": 21, "fields": {"title": "Python \u6559\u7a0b_1", "author": 3, "content": "Python \u6559\u7a0b_1 \u6b63\u6587", "score": 73, "tags": [2]}}, {"model": "blogs.article", "pk": 22, "fields": {"title": "Python \u6559\u7a0b_2", "author": 3, "content": "Python \u6559\u7a0b_2 \u6b63\u6587", "score": 72, "tags": [2]}}, {"model": "blogs.article", "pk": 23, "fields": {"title": "Python \u6559\u7a0b_3", "author": 3, "content": "Python \u6559\u7a0b_3 \u6b63\u6587", "score": 88, "tags": [2]}}, {"model": "blogs.article", "pk": 24, "fields": {"title": "Python \u6559\u7a0b_4", "author": 3, "content": "Python \u6559\u7a0b_4 \u6b63\u6587", "score": 92, "tags": [2]}}, {"model": "blogs.article", "pk": 25, "fields": {"title": "Python \u6559\u7a0b_5", "author": 3, "content": "Python \u6559\u7a0b_5 \u6b63\u6587", "score": 74, "tags": [2]}}, {"model": "blogs.article", "pk": 26, "fields": {"title": "Python \u6559\u7a0b_6", "author": 3, "content": "Python \u6559\u7a0b_6 \u6b63\u6587", "score": 99, "tags": [2]}}, {"model": "blogs.article", "pk": 27, "fields": {"title": "Python \u6559\u7a0b_7", "author": 3, "content": "Python \u6559\u7a0b_7 \u6b63\u6587", "score": 80, "tags": [2]}}, {"model": "blogs.article", "pk": 28, "fields": {"title": "Python \u6559\u7a0b_8", "author": 3, "content": "Python \u6559\u7a0b_8 \u6b63\u6587", "score": 88, "tags": [2]}}, {"model": "blogs.article", "pk": 29, "fields": {"title": "Python \u6559\u7a0b_9", "author": 3, "content": "Python \u6559\u7a0b_9 \u6b63\u6587", "score": 81, "tags": [2]}}, {"model": "blogs.article", "pk": 30, "fields": {"title": "Python \u6559\u7a0b_10", "author": 3, "content": "Python \u6559\u7a0b_10 \u6b63\u6587", "score": 92, "tags": [2]}}, {"model": "blogs.article", "pk": 31, "fields": {"title": "Python \u6559\u7a0b_11", "author": 3, "content": "Python \u6559\u7a0b_11 \u6b63\u6587", "score": 96, "tags": [2]}}, {"model": "blogs.article", "pk": 32, "fields": {"title": "Python \u6559\u7a0b_12", "author": 3, "content": "Python \u6559\u7a0b_12 \u6b63\u6587", "score": 99, "tags": [2]}}, {"model": "blogs.article", "pk": 33, "fields": {"title": "Python \u6559\u7a0b_13", "author": 3, "content": "Python \u6559\u7a0b_13 \u6b63\u6587", "score": 78, "tags": [2]}}, {"model": "blogs.article", "pk": 34, "fields": {"title": "Python \u6559\u7a0b_14", "author": 3, "content": "Python \u6559\u7a0b_14 \u6b63\u6587", "score": 75, "tags": [2]}}, {"model": "blogs.article", "pk": 35, "fields": {"title": "Python \u6559\u7a0b_15", "author": 3, "content": "Python \u6559\u7a0b_15 \u6b63\u6587", "score": 73, "tags": [2]}}, {"model": "blogs.article", "pk": 36, "fields": {"title": "Python \u6559\u7a0b_16", "author": 3, "content": "Python \u6559\u7a0b_16 \u6b63\u6587", "score": 99, "tags": [2]}}, {"model": "blogs.article", "pk": 37, "fields": {"title": "Python \u6559\u7a0b_17", "author": 3, "content": "Python \u6559\u7a0b_17 \u6b63\u6587", "score": 98, "tags": [2]}}, {"model": "blogs.article", "pk": 38, "fields": {"title": "Python \u6559\u7a0b_18", "author": 3, "content": "Python \u6559\u7a0b_18 \u6b63\u6587", "score": 75, "tags": [2]}}, {"model": "blogs.article", "pk": 39, "fields": {"title": "Python \u6559\u7a0b_19", "author": 3, "content": "Python \u6559\u7a0b_19 \u6b63\u6587", "score": 94, "tags": [2]}}, {"model": "blogs.article", "pk": 40, "fields": {"title": "Python \u6559\u7a0b_20", "author": 3, "content": "Python \u6559\u7a0b_20 \u6b63\u6587", "score": 82, "tags": [2]}}, {"model": "blogs.article", "pk": 41, "fields": {"title": "HTML \u6559\u7a0b_1", "author": 1, "content": "HTML \u6559\u7a0b_1 \u6b63\u6587", "score": 81, "tags": [3]}}, {"model": "blogs.article", "pk": 42, "fields": {"title": "HTML \u6559\u7a0b_2", "author": 1, "content": "HTML \u6559\u7a0b_2 \u6b63\u6587", "score": 100, "tags": [3]}}, {"model": "blogs.article", "pk": 43, "fields": {"title": "HTML \u6559\u7a0b_3", "author": 1, "content": "HTML \u6559\u7a0b_3 \u6b63\u6587", "score": 80, "tags": [3]}}, {"model": "blogs.article", "pk": 44, "fields": {"title": "HTML \u6559\u7a0b_4", "author": 1, "content": "HTML \u6559\u7a0b_4 \u6b63\u6587", "score": 76, "tags": [3]}}, {"model": "blogs.article", "pk": 45, "fields": {"title": "HTML \u6559\u7a0b_5", "author": 1, "content": "HTML \u6559\u7a0b_5 \u6b63\u6587", "score": 72, "tags": [3]}}, {"model": "blogs.article", "pk": 46, "fields": {"title": "HTML \u6559\u7a0b_6", "author": 1, "content": "HTML \u6559\u7a0b_6 \u6b63\u6587", "score": 73, "tags": [3]}}, {"model": "blogs.article", "pk": 47, "fields": {"title": "HTML \u6559\u7a0b_7", "author": 1, "content": "HTML \u6559\u7a0b_7 \u6b63\u6587", "score": 86, "tags": [3]}}, {"model": "blogs.article", "pk": 48, "fields": {"title": "HTML \u6559\u7a0b_8", "author": 1, "content": "HTML \u6559\u7a0b_8 \u6b63\u6587", "score": 77, "tags": [3]}}, {"model": "blogs.article", "pk": 49, "fields": {"title": "HTML \u6559\u7a0b_9", "author": 1, "content": "HTML \u6559\u7a0b_9 \u6b63\u6587", "score": 88, "tags": [3]}}, {"model": "blogs.article", "pk": 50, "fields": {"title": "HTML \u6559\u7a0b_10", "author": 1, "content": "HTML \u6559\u7a0b_10 \u6b63\u6587", "score": 77, "tags": [3]}}, {"model": "blogs.article", "pk": 51, "fields": {"title": "HTML \u6559\u7a0b_11", "author": 1, "content": "HTML \u6559\u7a0b_11 \u6b63\u6587", "score": 71, "tags": [3]}}, {"model": "blogs.article", "pk": 52, "fields": {"title": "HTML \u6559\u7a0b_12", "author": 1, "content": "HTML \u6559\u7a0b_12 \u6b63\u6587", "score": 86, "tags": [3]}}, {"model": "blogs.article", "pk": 53, "fields": {"title": "HTML \u6559\u7a0b_13", "author": 1, "content": "HTML \u6559\u7a0b_13 \u6b63\u6587", "score": 84, "tags": [3]}}, {"model": "blogs.article", "pk": 54, "fields": {"title": "HTML \u6559\u7a0b_14", "author": 1, "content": "HTML \u6559\u7a0b_14 \u6b63\u6587", "score": 90, "tags": [3]}}, {"model": "blogs.article", "pk": 55, "fields": {"title": "HTML \u6559\u7a0b_15", "author": 1, "content": "HTML \u6559\u7a0b_15 \u6b63\u6587", "score": 98, "tags": [3]}}, {"model": "blogs.article", "pk": 56, "fields": {"title": "HTML \u6559\u7a0b_16", "author": 1, "content": "HTML \u6559\u7a0b_16 \u6b63\u6587", "score": 95, "tags": [3]}}, {"model": "blogs.article", "pk": 57, "fields": {"title": "HTML \u6559\u7a0b_17", "author": 1, "content": "HTML \u6559\u7a0b_17 \u6b63\u6587", "score": 85, "tags": [3]}}, {"model": "blogs.article", "pk": 58, "fields": {"title": "HTML \u6559\u7a0b_18", "author": 1, "content": "HTML \u6559\u7a0b_18 \u6b63\u6587", "score": 77, "tags": [3]}}, {"model": "blogs.article", "pk": 59, "fields": {"title": "HTML \u6559\u7a0b_19", "author": 1, "content": "HTML \u6559\u7a0b_19 \u6b63\u6587", "score": 73, "tags": [3]}}, {"model": "blogs.article", "pk": 60, "fields": {"title": "HTML \u6559\u7a0b_20", "author": 1, "content": "HTML \u6559\u7a0b_20 \u6b63\u6587", "score": 95, "tags": [3]}}, {"model": "blogs.tag", "pk": 1, "fields": {"name": "Django"}}, {"model": "blogs.tag", "pk": 2, "fields": {"name": "Python"}}, {"model": "blogs.tag", "pk": 3, "fields": {"name": "HTML"}}]